solver,size,time,error,mem
Clarabel,2,0.001923334,1.5424703736499623e-9,0.365616
