solver,size,time,error,mem
Clarabel,4,0.005524958,1.519356862544896e-9,4.701512
Clarabel,6,0.027051292,1.4869873110612275e-9,25.900736
Clarabel,8,0.177516625,6.796522011853767e-9,92.988872
Clarabel,10,1.60756275,7.0712666833117055e-9,283.258512
Clarabel,12,13.097741583,1.130545523864157e-8,824.575424
Clarabel,14,94.739929334,6.84063139466673e-9,2287.826256
Clarabel,16,595.533379958,4.488498431820531e-7,5834.820264
Clarabel,18,2697.773506542,3.87432053106096e-9,13933.394616
