solver,size,time,error,mem
COSMO,2,0.002481417,3.6324387941988334e-11,0.279768
