solver,size,time,error,mem
COSMO,4,0.005079625,4.741762538174044e-13,3.428016
COSMO,6,0.016316875,5.644373857194296e-13,16.93604
COSMO,8,0.051850583,3.0480969970270166e-8,56.32796
COSMO,10,0.174861916,3.5766944961324043e-12,165.375688
COSMO,12,0.460480833,5.538118852399521e-10,406.232296
COSMO,14,1.115974208,1.2298834827451088e-5,919.509312
COSMO,16,2.796527917,2.6483783610586897e-8,1963.665464
