solver,size,time,error,mem
DSDP,4,0.014261917,0.0002323096162276661,2.866256
DSDP,6,0.260163084,0.022586257532613008,21.230432
DSDP,8,2.941378166,0.17829978585656425,109.413624
DSDP,10,27.539623667,6.640375130044025,339.188528
DSDP,12,97.433767,268.1389817188518,1100.630536
