solver,size,time,error,mem
DSDP,4,0.013611041,0.0002323096162276661,2.866336
