solver,size,time,error,mem
Hypatia,4,0.014814958,2.3039763208387853e-8,5.581808
Hypatia,6,0.231431417,5.25021965902539e-8,61.326272
Hypatia,8,1.867030334,2.8765194559632334e-8,401.236472
Hypatia,10,8.73600525,2.685100841670618e-8,1717.171712
Hypatia,12,38.200208542,5.89499477010591e-8,7097.001816
Hypatia,14,143.699914709,5.764994159829229e-8,24257.200848
Hypatia,16,444.995978291,1.4317029739530085e-7,68414.125712
