solver,size,time,error,mem
Hypatia,2,0.004773125,8.830153830352572e-9,0.752672
