solver,size,time,error,mem
Hypatia,2,0.004671709,8.830153830352572e-9,0.752672
Hypatia,6,0.233523667,5.25021965902539e-8,62.029688
Hypatia,10,8.669763459,2.685100841670618e-8,1755.092024
