solver,size,time,error,mem
Loraine,2,0.003706542,3.128650671868627e-10,1.135856
