solver,size,time,error,mem
Loraine,2,0.003848416,3.128650671868627e-10,1.135856
Loraine,6,0.745723709,2.860566228335415e-10,1557.756136
Loraine,10,99.096924542,3.6947755965854867e-10,539055.373416
