solver,size,time,error,mem
Loraine,4,0.053607125,1.3069767490492268e-11,43.699424
Loraine,6,0.747718834,1.1446166237050193e-10,1660.930568
Loraine,8,9.051746041,1.0000422712153068e-10,41566.037592
Loraine,10,90.541076541,8.536963358451999e-10,539008.226248
Loraine,12,742.742360708,5.0408899276988e-10,4.715202501608e6
