solver,size,time,error,mem
Mosek,2,0.001582708,1.6622725418358186e-10,0.154208
