solver,size,time,error,mem
Mosek,2,0.001558917,1.6622725418358186e-10,0.154208
Mosek,6,0.015112416,1.7172241406626654e-10,12.14492
Mosek,10,0.265295334,6.682865372198421e-11,120.602568
