solver,size,time,error,mem
Pajarito,2,0.008868042,8.830153830352572e-9,1.102368
