solver,size,time,error,mem
ProxSDP,4,0.042933333,0.0002153186310160926,15.662008
ProxSDP,6,0.892211333,0.00021315616620043443,191.588432
ProxSDP,8,8.781514875,0.00019357245905293752,1323.7176
ProxSDP,10,40.456363584,0.00020185558261509584,7414.455712
ProxSDP,12,253.421821,0.00020196418132800709,35404.575264
