solver,size,time,error,mem
ProxSDP,2,0.002565917,0.0002212061167874424,0.525416
