solver,size,time,error,mem
SCS,2,0.002421625,9.073835426587351e-6,0.22716
SCS,6,0.011299333,2.277244557657987e-5,12.397048
SCS,10,0.082763916,2.7591251420933105e-5,121.828472
