solver,size,time,error,mem
SCS,2,0.002546083,9.073835426587351e-6,0.22716
