solver,size,time,error,mem
SCS,4,0.00411075,4.346824230783142e-5,2.389208
SCS,6,0.0119435,2.2772445582575074e-5,12.196096
SCS,8,0.0319285,0.0001838609245625733,42.48648
SCS,10,0.08370025,2.7591252799941124e-5,119.881416
SCS,12,0.181679917,0.00012822266093892587,301.657952
SCS,14,0.396471458,7.890855635239724e-6,686.570792
SCS,16,0.803870083,1.903694766869357e-5,1423.620328
