solver,size,time,error,mem
SDPA,2,0.002585084,3.692493333318225e-8,0.186104
SDPA,6,0.126250625,4.508992978990989e-8,12.343744
SDPA,10,5.127124333,2.338035565152552e-7,121.61184
