solver,size,time,error,mem
SDPA,2,0.002787958,3.692493333318225e-8,0.186096
