solver,size,time,error,mem
SDPLR,2,0.002162125,7.736686732151554e-6,0.180536
