solver,size,time,error,mem
SDPLR,2,0.002087042,1.173446417535029e-5,0.180536
SDPLR,6,0.109207209,7.148826027814081e-6,205.084
SDPLR,10,7.597429334,6.219554148589879e-6,45655.193744
