solver,size,time,error,mem
SDPLR,4,0.008439416,9.266359559001458e-6,3.62812
SDPLR,8,0.558853125,8.898847809080124e-6,1820.553056
