solver,size,time,error,mem
SDPLR,4,0.008269292,1.5899754401971222e-6,3.62812
SDPLR,6,0.081215958,1.7371796605658574e-6,106.285072
SDPLR,8,0.579838458,1.9628454233089343e-6,1820.550368
SDPLR,10,3.311343875,7.744263026743248e-6,16377.75544
SDPLR,12,16.265732,6.72601365492298e-7,96634.350048
SDPLR,14,74.362881833,2.637758171442073e-6,426024.208512
SDPLR,16,267.989212458,5.352052441343069e-6,1.521474550904e6
